[
{
  "model": "members.category",
  "pk": 2,
  "fields": {
    "brand": "C.P COMPANY",
    "name": "Худи Polo Ralph Lauren",
    "slug": "hudi-polo-ralph-lauren"
  }
},
{
  "model": "members.category",
  "pk": 3,
  "fields": {
    "brand": "BALENCIAGA",
    "name": "Худи BALENCIAGA",
    "slug": "hudi-balenciaga"
  }
},
{
  "model": "members.category",
  "pk": 4,
  "fields": {
    "brand": "Burberry",
    "name": "Худи Burberry",
    "slug": "hudi-burberry"
  }
},
{
  "model": "members.category",
  "pk": 5,
  "fields": {
    "brand": "Bottega Veneta",
    "name": "Худи Bottega Veneta",
    "slug": "hudi-bottega-veneta"
  }
},
{
  "model": "members.category",
  "pk": 6,
  "fields": {
    "brand": "Fendi",
    "name": "Fendi shoes",
    "slug": "fendi-shoes"
  }
},
{
  "model": "members.category",
  "pk": 7,
  "fields": {
    "brand": "BALENCIAGA",
    "name": "Balenciaga shoes",
    "slug": "balenciaga-shoes"
  }
},
{
  "model": "members.category",
  "pk": 8,
  "fields": {
    "brand": "Bottega Veneta",
    "name": "Bottega Veneta shoes",
    "slug": "bottega-veneta-shoes"
  }
},
{
  "model": "members.category",
  "pk": 9,
  "fields": {
    "brand": "Tom Ford",
    "name": "Tom Ford shoes",
    "slug": "tom-ford-shoes"
  }
},
{
  "model": "members.category",
  "pk": 10,
  "fields": {
    "brand": "Loro Piana",
    "name": "Футболки Loro Piana",
    "slug": "futbolki-loro-piana"
  }
},
{
  "model": "members.category",
  "pk": 11,
  "fields": {
    "brand": "Balmain",
    "name": "Футболки Balmain",
    "slug": "futbolki-balmain"
  }
},
{
  "model": "members.category",
  "pk": 12,
  "fields": {
    "brand": "Gucci",
    "name": "Футболка Gucci",
    "slug": "futbolka-gucci"
  }
},
{
  "model": "members.category",
  "pk": 13,
  "fields": {
    "brand": "Valentino",
    "name": "Футболки Valentino",
    "slug": "futbolki-valentino"
  }
},
{
  "model": "members.category",
  "pk": 14,
  "fields": {
    "brand": "Alexander McQueen",
    "name": "Шорты Alexander McQueen",
    "slug": "shorty-alexander-mcqueen"
  }
},
{
  "model": "members.category",
  "pk": 15,
  "fields": {
    "brand": "Bottega Veneta",
    "name": "Шорты Bottega Veneta",
    "slug": "shorty-bottega-veneta"
  }
},
{
  "model": "members.category",
  "pk": 16,
  "fields": {
    "brand": "Gucci",
    "name": "Шорты Gucci",
    "slug": "shorty-gucci"
  }
},
{
  "model": "members.category",
  "pk": 17,
  "fields": {
    "brand": "STONE ISLAND",
    "name": "Шорты STONE ISLAND",
    "slug": "shorty-stone-island"
  }
},
{
  "model": "members.product",
  "pk": 4,
  "fields": {
    "category": 3,
    "product_type": "50bb1dea-bfa0-475b-9",
    "name": "Хлопковое худи Balenciaga",
    "slug": "hlopkovoe-hudi-balenciaga",
    "color": "бежевый",
    "price": "930.00",
    "picture": "https://st-cdn.tsum.com/sig/191434d9a51b680409f51349d13e8e40/width/1526/i/70/2e/78/0b/b4ee933a-b69e-410c-aeee-08625e5858c6.jpg",
    "picture1": "https://st-cdn.tsum.com/sig/49e22de56cf427c1b57df2ba6fac3cc1/width/1526/i/70/2e/78/0b/f560c9c6-a248-4bc9-91ab-d610239cd801.jpg",
    "picture2": "https://st-cdn.tsum.com/sig/be0958b3647bdd9b64d96b53822086de/width/1526/i/70/2e/78/0b/5663b911-8738-48b5-8669-d6a855538484.jpg",
    "picture3": "https://st2.tsum.com/sig/123e5a28333ba23e835efe6fe411e790/width/1526/i/cd/2f/d1/58/cd2fd158-dca8-33d2-a0de-384987cf2395.jpg",
    "descript": "Белое худи громко заявляет о своей принадлежности бренду: спереди разместили черную вышивку в виде адреса интернет-магазина марки. Надпись сделали утрированно крупной, поэтому часть ее вынесли на рукава. Свободную модель со спущенной линией плеч и карманом «кенгуру» выполнили из мягкого плотного хлопка.",
    "info": "Бесплатная доставка по России при покупке от 20 000 ₽\r\nУсловия доставки",
    "available": true,
    "created": "2024-05-18T14:24:26.170Z",
    "uploaded": "2024-05-18T14:24:26.170Z"
  }
},
{
  "model": "members.product",
  "pk": 5,
  "fields": {
    "category": 2,
    "product_type": "d8036302-a635-4bf2-a",
    "name": "Хлопковое худи PRL",
    "slug": "hlopkovoe-hudi-prl",
    "color": "черный",
    "price": "399.99",
    "picture": "https://st-cdn.tsum.com/sig/241c0f8646ddc93db6ba17a1b79472a6/width/1526/i/75/a8/ae/48/83392525-001e-49d5-871b-97ca97439638.jpg",
    "picture1": "https://st-cdn.tsum.com/sig/06420cecaa0a06f5eaf2505793d10d27/width/1526/i/75/a8/ae/48/9d82d1fe-59dc-4cae-8f01-3f614e2dd783.jpg",
    "picture2": "https://st-cdn.tsum.com/sig/dc22495fce55e72200e9a8c02ce92afa/width/1526/i/75/a8/ae/48/a28f8058-dc50-444d-aca1-a075cc2757d2.jpg",
    "picture3": "https://st1.tsum.com/sig/f350d671a28d6fb26a1766e0739dd6d9/width/1526/i/b4/da/5c/39/b4da5c39-1137-3afb-a4aa-017adb9384c3.jpg",
    "descript": "Создавая черную толстовку с детализированной эмблемой на груди, в американском бренде поставили на комфорт и практичность. Непринужденный силуэт воплотили в фактурном искусственном мехе, который хорошо сохраняет тепло и не продувается ветром. Крупные накладные карманы из прочного немаркого рипстопа застегиваются молниями, а нашивки из такой же плотной армированной ткани защищают рукава от потертос",
    "info": "Бесплатная доставка по России при покупке от 20 000 ₽\r\nУсловия доставки",
    "available": true,
    "created": "2024-05-18T14:29:27.267Z",
    "uploaded": "2024-05-18T14:29:27.267Z"
  }
},
{
  "model": "members.product",
  "pk": 6,
  "fields": {
    "category": 2,
    "product_type": "12288a69-482b-4729-b",
    "name": "Худи PRL",
    "slug": "hudi-prl",
    "color": "серый",
    "price": "299.99",
    "picture": "https://st-cdn.tsum.com/sig/6cdd06e14a1c99c609a88118a22c3e8a/width/1526/i/e7/56/a0/fa/e756a0fa-448f-3752-8b82-0672b66d6244.jpg",
    "picture1": "https://st-cdn.tsum.com/sig/a5aabfb5dca6c9e1000df737cbb9b607/width/1526/i/5b/09/0e/46/5b090e46-2c76-3c6f-a603-02b9ef954df1.jpg",
    "picture2": "https://st-cdn.tsum.com/sig/f350d671a28d6fb26a1766e0739dd6d9/width/1526/i/b4/da/5c/39/b4da5c39-1137-3afb-a4aa-017adb9384c3.jpg",
    "picture3": "https://st2.tsum.com/sig/123e5a28333ba23e835efe6fe411e790/width/1526/i/cd/2f/d1/58/cd2fd158-dca8-33d2-a0de-384987cf2395.jpg",
    "descript": "Светло-серое худи из весенне-летней коллекции – удачная инвестиция в повседневный гардероб. Для создания модели мастера марки использовали мягкий хлопковый футер. Материал плотнее обычного джерси, а с изнаночной стороны – бархатистый на ощупь, поэтому вещь почти не мнется и не раздражает кожу. Традиционную для бренда вышивку в виде игрока в конное поло выполнили синей шелковой нитью.",
    "info": "Бесплатная доставка по России при покупке от 20 000 ₽\r\nУсловия доставки",
    "available": true,
    "created": "2024-05-18T14:32:48.723Z",
    "uploaded": "2024-05-18T14:32:48.723Z"
  }
},
{
  "model": "members.product",
  "pk": 7,
  "fields": {
    "category": 4,
    "product_type": "bebfe2af-2fbf-426e-a",
    "name": "Хлопковое худи Burberry",
    "slug": "hlopkovoe-hudi-burberry",
    "color": "черный",
    "price": "596.00",
    "picture": "https://st-cdn.tsum.com/sig/d5095d0bae4e4487bf876ba9de1a3179/width/1526/i/84/8e/4b/56/848e4b56-77b6-3fb7-b117-0dd5b009a47d.jpg",
    "picture1": "https://st-cdn.tsum.com/sig/ecf80982b9467e1a21217e2a8a0995a4/width/1526/i/05/8d/a0/07/058da007-14f3-3f74-9017-0956eca0771d.jpg",
    "picture2": "https://st-cdn.tsum.com/sig/d506c15e740ede1555607510fcba5ca5/width/1526/i/aa/3b/3d/42/aa3b3d42-f52f-3063-b48d-902849edaa41.jpg",
    "picture3": "https://st1.tsum.com/sig/ad0dfee7cede27368ba796a91bcd0d7f/width/1526/i/15/9b/2d/c7/159b2dc7-2257-32a9-b814-178ec21bf7a5.jpg",
    "descript": "В весенне-летнюю коллекцию вошло худи универсального черного цвета. Лаконичность модели не нарушает крупная белая монограмма из инициалов Томаса Берберри спереди. Модель изготовили из мягкого хлопкового трикотажа. Плотная ткань немного тянется и почти не пилингуется.",
    "info": "Бесплатная доставка по России при покупке от 20 000 ₽\r\nУсловия доставки",
    "available": true,
    "created": "2024-05-18T14:37:17.378Z",
    "uploaded": "2024-05-18T14:37:17.378Z"
  }
},
{
  "model": "members.product",
  "pk": 8,
  "fields": {
    "category": 4,
    "product_type": "fcc552ab-15a3-4686-a",
    "name": "Худи черное Burberry",
    "slug": "hudi-chernoe-burberry",
    "color": "черный",
    "price": "909.99",
    "picture": "https://st-cdn.tsum.com/sig/d1abd467767def31180cf9d2b9927a19/width/1526/i/71/fa/f5/53/8a712f65-8290-453f-aa8b-55c8080962c0.jpg",
    "picture1": "https://st-cdn.tsum.com/sig/2385c70d4cd202e9825af6febf38b9dd/width/1526/i/71/fa/f5/53/00bdb4cf-e3d6-43cc-9928-9a2c88219a71.jpg",
    "picture2": "https://st-cdn.tsum.com/sig/70ebb0e36b69fa9eaf0c6b197d9f22b3/width/1526/i/71/fa/f5/53/63905229-63e5-4c81-8c1b-80653e7d8695.jpg",
    "picture3": "https://st1.tsum.com/sig/ad0dfee7cede27368ba796a91bcd0d7f/width/1526/i/15/9b/2d/c7/159b2dc7-2257-32a9-b814-178ec21bf7a5.jpg",
    "descript": "Черное худи из плотного и вместе с тем мягкого длинноволокнистого хлопка украсили сзади крупным силуэтом конного рыцаря, который стал эмблемой марки, основанной Томасом Берберри. Контур фирменного символа вырезали на трикотаже и дополнили открытой внутренней вставкой из текстиля в клетку Vintage Check, как на подкладе знаковых тренчей. Акцентному декору противопоставили едва заметный вышитый логот",
    "info": "Бесплатная доставка по России при покупке от 20 000 ₽\r\nУсловия доставки",
    "available": true,
    "created": "2024-05-18T14:40:35.875Z",
    "uploaded": "2024-05-18T14:40:35.875Z"
  }
},
{
  "model": "members.product",
  "pk": 9,
  "fields": {
    "category": 4,
    "product_type": "998aa6ff-e292-4b45-a",
    "name": "Худи в клетку Burberry",
    "slug": "hudi-v-kletku-burberry",
    "color": "темно-синий",
    "price": "707.99",
    "picture": "https://st-cdn.tsum.com/sig/44f74af950c0f90b5316c1fca9612390/width/1526/i/10/63/fc/d5/fcb5f9c9-091a-4e23-9cc5-746cd3bb9b93.jpg",
    "picture1": "https://st-cdn.tsum.com/sig/40fa7030b834262a8328c7f98952a702/width/1526/i/10/63/fc/d5/7b56e609-340b-4af1-bc7d-009366737dad.jpg",
    "picture2": "https://st-cdn.tsum.com/sig/fc880434903445f9a8bd0c19aa3c4762/width/1526/i/10/63/fc/d5/7f1fa0ed-381a-42b7-a48a-c980848d894f.jpg",
    "picture3": "https://st1.tsum.com/sig/3a003fc124a4b38f625a1728265bea1a/width/1526/i/34/db/1d/16/34db1d16-1df4-3257-961c-ac90182d28c2.jpg",
    "descript": "На первый план в дизайне темно-синего худи вывели знаковую для марки, основанной Томасом Берберри, клетку. Увеличенный фирменный узор вывязали на плотном и вместе с тем мягком трикотаже из отборного хлопка. Такой материал сохраняет тепло, не препятствуя циркуляции воздуха, поэтому модель с врезными боковыми карманами выручит в переменчивую погоду.",
    "info": "Бесплатная доставка по России при покупке от 20 000 ₽\r\nУсловия доставки",
    "available": true,
    "created": "2024-05-18T14:44:00.421Z",
    "uploaded": "2024-05-18T14:44:00.421Z"
  }
},
{
  "model": "members.product",
  "pk": 10,
  "fields": {
    "category": 4,
    "product_type": "a705e35a-391f-4463-b",
    "name": "Худи бежевое Burberry",
    "slug": "hudi-bezhevoe-burberry",
    "color": "бежевый",
    "price": "800.00",
    "picture": "https://st-cdn.tsum.com/sig/dc8b8642423cc8a599b8d58064f7faed/width/1526/i/60/5c/4e/7e/812f4889-e29c-457e-982e-4722add639a4.jpg",
    "picture1": "https://st-cdn.tsum.com/sig/1eab50a3ba972aeb097892cf060c951b/width/1526/i/60/5c/4e/7e/cd7e0bb7-153d-446d-8bbd-729a3b419e1a.jpg",
    "picture2": "https://st-cdn.tsum.com/sig/b3243a82c81cc3ec01ba602119346a97/width/1526/i/60/5c/4e/7e/2da35c0b-969e-41d2-8f30-227919c08d7b.jpg",
    "picture3": "https://st1.tsum.com/sig/f350d671a28d6fb26a1766e0739dd6d9/width/1526/i/b4/da/5c/39/b4da5c39-1137-3afb-a4aa-017adb9384c3.jpg",
    "descript": "Бежевая толстовка станет идеальным компаньоном для свободных потертых джинсов и белой футболки в непринужденном повседневном образе. Модель, дополненная встречной металлической молнией с крупными пуллерами, изготовлена из мягкого хлопкового футера, который хорошо дышит и удерживает тепло. О принадлежности бренду, основанному Томасом Берберри, деликатно напоминает небольшой логотип в тон.",
    "info": "Бесплатная доставка по России при покупке от 20 000 ₽\r\nУсловия доставки",
    "available": true,
    "created": "2024-05-18T14:46:51.800Z",
    "uploaded": "2024-05-18T14:46:51.800Z"
  }
},
{
  "model": "members.product",
  "pk": 11,
  "fields": {
    "category": 3,
    "product_type": "048776cf-91b6-4b65-b",
    "name": "Худи черное Balenciaga",
    "slug": "hudi-chernoe-balenciaga",
    "color": "черный",
    "price": "898.99",
    "picture": "https://st-cdn.tsum.com/sig/e31162f5457fffa94540f3a7b8bfe51d/width/1526/i/f7/44/d2/c4/c39dfd3f-01a5-4952-a066-7a52e42687a9.jpg",
    "picture1": "https://st-cdn.tsum.com/sig/cd3cfcafa2ec47cb0e841f03ecf681d0/width/1526/i/f7/44/d2/c4/6f2c56ae-9d9f-4b84-8551-b5ba3b7f9c34.jpg",
    "picture2": "https://st-cdn.tsum.com/sig/3791fd56ea40fcf189ff5398db2d6231/width/1526/i/f7/44/d2/c4/1fbcc796-cd27-4ef5-a196-f750ef6b32bd.jpg",
    "picture3": "https://st1.tsum.com/sig/f350d671a28d6fb26a1766e0739dd6d9/width/1526/i/b4/da/5c/39/b4da5c39-1137-3afb-a4aa-017adb9384c3.jpg",
    "descript": "Для изготовления черного худи силуэта oversize использовали плотный хлопковый футер с фактурной изнанкой, поэтому оно хорошо удерживает тепло и защищает от ветра. Небольшие потертости на поясе придают модели непринужденный вид. На принадлежность марке указывает белая вышитая эмблема спереди, многократно повторяющаяся на рукавах.",
    "info": "Бесплатная доставка по России при покупке от 20 000 ₽\r\nУсловия доставки",
    "available": true,
    "created": "2024-05-18T15:02:10.300Z",
    "uploaded": "2024-05-18T15:02:10.300Z"
  }
},
{
  "model": "members.product",
  "pk": 12,
  "fields": {
    "category": 5,
    "product_type": "84d322b9-57d6-48d",
    "name": "Худи светло-бежевое Bottega Veneta",
    "slug": "hudi-svetlo-bezhevoe-bottega-veneta",
    "color": "светло-бежевый",
    "price": "998.00",
    "picture": "https://st-cdn.tsum.com/sig/01805d4a08a73963a446eb90222d8a68/width/1526/i/40/8f/19/9a/408f199a-7817-351e-a2df-091c9b5ae19d.jpg",
    "picture1": "https://st-cdn.tsum.com/sig/65030e3ca7851909717a08577e140a54/width/1526/i/34/4c/da/a5/344cdaa5-9a71-348c-8cd2-d924d3832038.jpg",
    "picture2": "https://st-cdn.tsum.com/sig/cfceec5d7b71c25b4b569418227da646/width/1526/i/4f/37/60/f4/4f3760f4-30c8-3cab-ab36-98d8cc91bba4.jpg",
    "picture3": "https://st1.tsum.com/sig/f350d671a28d6fb26a1766e0739dd6d9/width/1526/i/b4/da/5c/39/b4da5c39-1137-3afb-a4aa-017adb9384c3.jpg",
    "descript": "При создании серого худи из весенне-летней коллекции дизайнеры бренда изменили привычный подход к материалу. Вместо традиционного для таких вещей футера выбрали трикотаж на основе нежной шерсти мериноса с добавлением шелковистой вискозы и прочных эластичных волокон, поэтому изделие получилось особенно приятным на ощупь. Максимально комфортной модель делают рукава реглан, повторяющие контуры тела.",
    "info": "Бесплатная доставка по России при покупке от 20 000 ₽\r\nУсловия доставки",
    "available": true,
    "created": "2024-05-18T15:08:19.607Z",
    "uploaded": "2024-05-18T15:08:19.607Z"
  }
},
{
  "model": "members.product",
  "pk": 13,
  "fields": {
    "category": 5,
    "product_type": "ca5968c9-7a72-4e58",
    "name": "Худи черное Bottega Veneta",
    "slug": "hudi-chernoe-bottega-veneta",
    "color": "черный",
    "price": "960.00",
    "picture": "https://st-cdn.tsum.com/sig/25adc46b637b21699f401419190148b6/width/1526/i/59/1f/e0/81/591fe081-f0e5-37e1-8151-42608c53b3b6.jpg",
    "picture1": "https://st-cdn.tsum.com/sig/8e79c658053882ea20114e088d245589/width/1526/i/77/a8/fc/85/77a8fc85-d197-33b4-b348-4b2ea5374001.jpg",
    "picture2": "https://st-cdn.tsum.com/sig/9f010f3ba3bf254dac6be5ec60f52046/width/1526/i/33/47/f3/5c/3347f35c-f3ab-34f7-9926-62d650acc197.jpg",
    "picture3": "https://st2.tsum.com/sig/123e5a28333ba23e835efe6fe411e790/width/1526/i/cd/2f/d1/58/cd2fd158-dca8-33d2-a0de-384987cf2395.jpg",
    "descript": "Черный свитер, стилизованный под худи, получился максимально комфортным. Крой модели не сковывает движения, а отсутствие пояса добавляет ее расслабленности. Но главное достоинство — материал. Мягкая тонкая шерсть мериноса с добавлением шелковистой вискозы делает изделие из весенне-летней коллекции особенно приятным на ощупь и настолько легким, что оно практически не ощущается на теле.",
    "info": "Бесплатная доставка по России при покупке от 20 000 ₽\r\nУсловия доставки",
    "available": true,
    "created": "2024-05-18T15:10:14.316Z",
    "uploaded": "2024-05-18T15:10:14.316Z"
  }
},
{
  "model": "members.producttshirt",
  "pk": 1,
  "fields": {
    "category": 10,
    "product_type": "7d6c0df2-884b-4f75-9",
    "name": "Футболка из шелка и хлопка",
    "slug": "futbolka-iz-shelka-i-hlopka",
    "color": "белый",
    "price": "550.00",
    "picture": "https://st-cdn.tsum.com/sig/c094a9ebfe677fbda92211d004720eb7/width/1526/i/75/ef/47/1c/75ef471c-3f67-3ea0-b997-630ecb1066c1.jpg",
    "picture1": "https://st-cdn.tsum.com/sig/1c4d06b279b69203ee26356ba6fd9adb/width/1526/i/3c/ce/4a/7b/3cce4a7b-ee94-3e8c-a832-5836a2e19848.jpg",
    "picture2": "https://st-cdn.tsum.com/sig/90066528798a9594145254cb13889027/width/1526/i/1f/60/e9/3e/1f60e93e-ac9f-3a08-a7a4-44b986cc53fa.jpg",
    "picture3": "https://st1.tsum.com/sig/3a003fc124a4b38f625a1728265bea1a/width/1526/i/34/db/1d/16/34db1d16-1df4-3257-961c-ac90182d28c2.jpg",
    "descript": "Белая футболка – универсальный солдат. В сочетании с джинсами и бомбером впишется в повседневный образ, а в комплекте с пиджаком и брюками станет альтернативой рубашке для офиса с нестрогим дресс-кодом. Мастера марки сшили модель из приятного на ощупь хлопкового джерси с добавлением мягкого шелка. Изделие вошло в классическую коллекцию бренда, основанного Пьетро Лоро Пьяна.",
    "info": "Бесплатная доставка по России при покупке от 20 000 ₽\r\nУсловия доставки",
    "available": true,
    "created": "2024-05-18T18:09:43.468Z",
    "uploaded": "2024-05-18T18:09:43.468Z"
  }
},
{
  "model": "members.producttshirt",
  "pk": 2,
  "fields": {
    "category": 10,
    "product_type": "2c33c4ee-dda4-4a6",
    "name": "Шерстяная футболка",
    "slug": "sherstyanaya-futbolka",
    "color": "темно-зеленый",
    "price": "890.00",
    "picture": "https://st-cdn.tsum.com/sig/f7473b87370e97959126373862ee8436/width/1526/i/fc/59/16/5f/fc59165f-5495-39c3-965d-8ed3b7c937ca.jpg",
    "picture1": "https://st-cdn.tsum.com/sig/030717a58966082d35c9d3af6cab8591/width/1526/i/86/c7/2f/8a/86c72f8a-9cc5-3982-bff4-83833b2c4881.jpg",
    "picture2": "https://st-cdn.tsum.com/sig/15cb634dfa3159a27da880ef68d3ac37/width/1526/i/ba/50/ac/e2/ba50ace2-9a35-3fe8-99cf-9e778eff584a.jpg",
    "picture3": "https://st2.tsum.com/sig/123e5a28333ba23e835efe6fe411e790/width/1526/i/cd/2f/d1/58/cd2fd158-dca8-33d2-a0de-384987cf2395.jpg",
    "descript": "Идеальный крой и внимание к деталям при пошиве гарантируют безупречную посадку темно-зеленой футболки. Мастера марки, основанной Пьетро Лоро Пьяна, сшили модель из тонкой нежной шерсти The Gift of Kings, толщина нити которой составляет всего 12 микрон. Изделие вошло в коллекцию сезона весна-лето.",
    "info": "Бесплатная доставка по России при покупке от 20 000 ₽\r\nУсловия доставки",
    "available": true,
    "created": "2024-05-18T18:12:21.402Z",
    "uploaded": "2024-05-18T18:12:21.402Z"
  }
},
{
  "model": "members.producttshirt",
  "pk": 3,
  "fields": {
    "category": 11,
    "product_type": "a74e083e-6e03-4ad2-9",
    "name": "Хлопковая футболка Balmain",
    "slug": "hlopkovaya-futbolka-balmain",
    "color": "красный",
    "price": "290.00",
    "picture": "https://st-cdn.tsum.com/sig/90beb766fcc50b18ba3653cd1d4ccc7d/width/1526/i/98/38/00/c1/75b43e0f-12ec-4578-a2f9-c5dd772d9fe3.jpg",
    "picture1": "https://st-cdn.tsum.com/sig/07d3d459cbebd86a0e2983e29e04aa2c/width/1526/i/98/38/00/c1/d3dd3fbf-c623-4db6-acb3-31b2e5304308.jpg",
    "picture2": "https://st-cdn.tsum.com/sig/60d82ff8cc15ace6a9b6088ebc072d44/width/1526/i/98/38/00/c1/785af1ea-32aa-421d-9a6c-cce0a6387109.jpg",
    "picture3": "https://st1.tsum.com/sig/f350d671a28d6fb26a1766e0739dd6d9/width/1526/i/b4/da/5c/39/b4da5c39-1137-3afb-a4aa-017adb9384c3.jpg",
    "descript": "Хлопок, из которого выполнили эту футболку, выращен органическим способом и сертифицирован GOTS — международной организацией, контролирующей качество материала от поля до полки магазина. Модель свободной посадки декорирована спереди вышитым контрастными шелковистыми нитями логотипом PB.",
    "info": "Бесплатная доставка по России при покупке от 20 000 ₽\r\nУсловия доставки",
    "available": true,
    "created": "2024-05-18T18:18:05.401Z",
    "uploaded": "2024-05-18T18:18:05.401Z"
  }
},
{
  "model": "members.producttshirt",
  "pk": 4,
  "fields": {
    "category": 11,
    "product_type": "45fcdf41-9337-4bcf-8",
    "name": "Хлопковая футболка кремовая Balmain",
    "slug": "hlopkovaya-futbolka-kremovaya-balmain",
    "color": "кремовый",
    "price": "324.00",
    "picture": "https://st-cdn.tsum.com/sig/faa6d8e7f60d8a7cf3315fab608ef442/width/1526/i/99/df/32/5a/7a816bea-bc71-492d-b360-bf341ebe9bac.jpg",
    "picture1": "https://st-cdn.tsum.com/sig/c2f9f75adb7a001840e3db8315f16ea0/width/1526/i/99/df/32/5a/ad1b7ca0-d684-4f08-83f9-5d173b8eeb47.jpg",
    "picture2": "https://st-cdn.tsum.com/sig/381cc57e1197743be96888e6354f7bc3/width/1526/i/99/df/32/5a/bde3d998-abdd-4100-b011-f981a05af4ea.jpg",
    "picture3": "https://st2.tsum.com/sig/123e5a28333ba23e835efe6fe411e790/width/1526/i/cd/2f/d1/58/cd2fd158-dca8-33d2-a0de-384987cf2395.jpg",
    "descript": "Кремовую футболку декорировали спереди небольшим вышитым логотипом марки, основанной Пьером Бальманом, сзади – крупным разноцветным принтом Balmain Western с винтажным эффектом. Для пошива модели с короткими рукавами использовали мягкое джерси из отборного хлопка. Тонкий дышащий трикотаж едва ощущается на теле и сохраняет свежий вид в течение дня.",
    "info": "Бесплатная доставка по России при покупке от 20 000 ₽\r\nУсловия доставки",
    "available": true,
    "created": "2024-05-18T18:21:51.502Z",
    "uploaded": "2024-05-18T18:21:51.502Z"
  }
},
{
  "model": "members.producttshirt",
  "pk": 5,
  "fields": {
    "category": 11,
    "product_type": "2b1864b7-acb8-4229-b",
    "name": "Футболка голубая Balmain",
    "slug": "futbolka-golubaya-balmain",
    "color": "голубой",
    "price": "290.00",
    "picture": "https://st-cdn.tsum.com/sig/c1fbba8c7e372768bfc37c201e59ad9c/width/1526/i/f6/4f/c1/3f/5a5f8ed9-1c75-4c8a-ba30-94bc62f7443d.jpg",
    "picture1": "https://st-cdn.tsum.com/sig/f52b5b63b018de31bd7b66097fb3d8c6/width/1526/i/f6/4f/c1/3f/c71f4b57-ac40-42f0-9b9e-2768a2eef8fb.jpg",
    "picture2": "https://st-cdn.tsum.com/sig/6eb86257a7641ad5177d8aa50cd19342/width/1526/i/f6/4f/c1/3f/4b11a90b-fe05-4d33-80fc-16ec12ff4295.jpg",
    "picture3": "https://st1.tsum.com/sig/f350d671a28d6fb26a1766e0739dd6d9/width/1526/i/b4/da/5c/39/b4da5c39-1137-3afb-a4aa-017adb9384c3.jpg",
    "descript": "Свободная футболка оттенка пасмурного неба громко заявляет о своей принадлежности бренду, основанному Пьером Бальманом, при помощи крупного фактурного логотипа спереди. Для пошива модели со спущенной линией плеч использовали мягкое дышащее джерси из органического хлопка. Его вырастили без применения вредных для природы пестицидов.",
    "info": "Бесплатная доставка по России при покупке от 20 000 ₽\r\nУсловия доставки",
    "available": true,
    "created": "2024-05-18T18:24:53.725Z",
    "uploaded": "2024-05-18T18:24:53.725Z"
  }
},
{
  "model": "members.producttshirt",
  "pk": 6,
  "fields": {
    "category": 12,
    "product_type": "5bec2a96-c14d-4e9a-a",
    "name": "Хлопковая футболка черная Gucci",
    "slug": "hlopkovaya-futbolka-chernaya-gucci",
    "color": "черный",
    "price": "900.00",
    "picture": "https://st-cdn.tsum.com/sig/e0e4ec534e7952189ef067298fc4ff62/width/1526/i/1f/56/24/2e/5acfe1e9-acc6-4a6f-a015-7d593ebbc668.jpg",
    "picture1": "https://st-cdn.tsum.com/sig/3f90cf5564275d85a78f577b1fe1de15/width/1526/i/1f/56/24/2e/90f355f5-07e7-4dba-9a34-7353e1ee2521.jpg",
    "picture2": "https://st-cdn.tsum.com/sig/4471f99be7b0f66f884042da9dd66eea/width/1526/i/1f/56/24/2e/9aa6723a-88eb-4943-ba06-306dd0921a56.jpg",
    "picture3": "https://st2.tsum.com/sig/123e5a28333ba23e835efe6fe411e790/width/1526/i/cd/2f/d1/58/cd2fd158-dca8-33d2-a0de-384987cf2395.jpg",
    "descript": "Бренд: Gucci\r\nСостав: Хлопок: 100%;\r\nСтрана производства: Италия\r\nСтрана дизайна: Италия\r\nАртикул: 6828812\r\nАртикул производителя: 616036/XJFZA\r\nНа модели: размер L. Рост: 188 см. Параметры изделия для размера L: Обхват груди 130 см, длина изделия по спинке 75 см.",
    "info": "Бесплатная доставка по России при покупке от 20 000 ₽\r\nУсловия доставки",
    "available": true,
    "created": "2024-05-18T18:31:24.182Z",
    "uploaded": "2024-05-18T18:31:24.182Z"
  }
},
{
  "model": "members.producttshirt",
  "pk": 7,
  "fields": {
    "category": 12,
    "product_type": "d6a6fea8-5c12-482b-b",
    "name": "Хлопковая футболка коричневая Gucci",
    "slug": "hlopkovaya-futbolka-korichnevaya-gucci",
    "color": "коричневый",
    "price": "870.00",
    "picture": "https://st-cdn.tsum.com/sig/8c16270530d724d22d1f68860cb3c0cc/width/1526/i/3c/65/c0/3f/58d4a117-7170-4999-b8db-ca21bc7d32c0.jpg",
    "picture1": "https://st-cdn.tsum.com/sig/80db1da59325c9a5a589ebb51c7413ec/width/1526/i/3c/65/c0/3f/50e5c577-96d2-415d-99fe-34e1a76dadd3.jpg",
    "picture2": "https://st-cdn.tsum.com/sig/3db823eb52c79741dc645456e746916b/width/1526/i/3c/65/c0/3f/3c040cf1-ec77-470f-b494-7c9971346a85.jpg",
    "picture3": "https://st1.tsum.com/sig/ad0dfee7cede27368ba796a91bcd0d7f/width/1526/i/15/9b/2d/c7/159b2dc7-2257-32a9-b814-178ec21bf7a5.jpg",
    "descript": "Бренд: Gucci\r\nСостав: Хлопок: 100%;\r\nСтрана производства: Италия\r\nСтрана дизайна: Италия\r\nАртикул: 6828783\r\nАртикул производителя: 548334/XJET1\r\nНа модели: размер L. Рост: 188 см. Параметры изделия для размера L: Обхват груди 120 см, длина изделия по спинке 77 см.",
    "info": "Бесплатная доставка по России при покупке от 20 000 ₽\r\nУсловия доставки",
    "available": true,
    "created": "2024-05-18T18:36:24.021Z",
    "uploaded": "2024-05-18T18:36:24.021Z"
  }
},
{
  "model": "members.producttshirt",
  "pk": 8,
  "fields": {
    "category": 12,
    "product_type": "10f3eda2-1658-432d-9",
    "name": "Футболка серая Gucci",
    "slug": "futbolka-seraya-gucci",
    "color": "темно-серый",
    "price": "789.00",
    "picture": "https://st-cdn.tsum.com/sig/94f18b648a6dd45d4e861bcc8749f8d4/width/1526/i/57/b3/30/89/09947235-c84b-4238-8eda-de78834a30a9.jpg",
    "picture1": "https://st-cdn.tsum.com/sig/f045b23c0b30b8d8ae8ee80a193f8453/width/1526/i/57/b3/30/89/fa0f18f3-68b8-4738-a611-1e105a726897.jpg",
    "picture2": "https://st-cdn.tsum.com/sig/33f815dc909a48c0f46215ceec0e9f7b/width/1526/i/57/b3/30/89/4674d7eb-7089-465b-8728-04cd0a228335.jpg",
    "picture3": "https://st1.tsum.com/sig/f350d671a28d6fb26a1766e0739dd6d9/width/1526/i/b4/da/5c/39/b4da5c39-1137-3afb-a4aa-017adb9384c3.jpg",
    "descript": "Бренд: Gucci\r\nСостав: Хлопок: 100%;\r\nСтрана производства: Италия\r\nСтрана дизайна: Италия\r\nАртикул: 6828811\r\nАртикул производителя: 616036/XJEUD\r\nНа модели: размер L. Рост: 188 см. Параметры изделия для размера L: Обхват груди 130 см, длина рукава от горловины 41 см, длина изделия по спинке 76 см.",
    "info": "Бесплатная доставка по России при покупке от 20 000 ₽\r\nУсловия доставки",
    "available": true,
    "created": "2024-05-18T18:39:47.648Z",
    "uploaded": "2024-05-18T18:39:47.648Z"
  }
},
{
  "model": "members.producttshirt",
  "pk": 9,
  "fields": {
    "category": 13,
    "product_type": "eedf6562-1a73-4c49-9",
    "name": "Хлопковая футболка черная Valentino",
    "slug": "hlopkovaya-futbolka-chernaya-valentino",
    "color": "черный",
    "price": "890.00",
    "picture": "https://st-cdn.tsum.com/sig/7e345187b6714aae6d693fb6d6baf54e/width/1526/i/e1/1d/92/2a/e11d922a-1966-3ba1-ad21-b38e8d8d9992.jpg",
    "picture1": "https://st-cdn.tsum.com/sig/73ceb52ef37023b9be0d39220b6302e8/width/1526/i/0c/ab/96/81/0cab9681-9a8c-3571-8d29-f3f4cd9cf947.jpg",
    "picture2": "https://st-cdn.tsum.com/sig/7d33bdada53430fb31dfbf813888a7f7/width/1526/i/b0/7d/34/8c/b07d348c-d2f7-34cd-9ef7-d3432ca825f9.jpg",
    "picture3": "https://st2.tsum.com/sig/123e5a28333ba23e835efe6fe411e790/width/1526/i/cd/2f/d1/58/cd2fd158-dca8-33d2-a0de-384987cf2395.jpg",
    "descript": "Черная прямая футболка из весенне-летней коллекции – многофункциональный предмет в базовом гардеробе, который одинаково хорошо дополнит и джинсы, и шорты, и брючный костюм. Для пошива модели с короткими рукавами использовали тонкий дышащий хлопок джерси. Сзади изделие декорировали знаковым для одежды бренда, основанного Валентино Гаравани, шипом-пирамидой с темным покрытием.",
    "info": "Бесплатная доставка по России при покупке от 20 000 ₽\r\nУсловия доставки",
    "available": true,
    "created": "2024-05-18T18:42:26.124Z",
    "uploaded": "2024-05-18T18:42:26.124Z"
  }
},
{
  "model": "members.producttshirt",
  "pk": 10,
  "fields": {
    "category": 13,
    "product_type": "a3ff4a75-113c-40da-b",
    "name": "Хлопковая футболка белая Valentino",
    "slug": "hlopkovaya-futbolka-belaya-valentino",
    "color": "белый",
    "price": "590.00",
    "picture": "https://st-cdn.tsum.com/sig/012e5c6fcfe2b3a0dc773ae357d8c276/width/1526/i/2c/1d/c0/97/6abb8106-6ebb-437e-93bf-c1d44929a17e.jpg",
    "picture1": "https://st-cdn.tsum.com/sig/22cd3d82e1a55caa4860d0be2c7869cd/width/1526/i/2c/1d/c0/97/e72b70ef-c8d5-47d5-98f1-2a7cdfb3fcb7.jpg",
    "picture2": "https://st-cdn.tsum.com/sig/8e14957e2f424a37f53cebf2d8c3262c/width/1526/i/2c/1d/c0/97/f98e43ee-b18d-4671-802b-81cbad0a4afe.jpg",
    "picture3": "https://st2.tsum.com/sig/123e5a28333ba23e835efe6fe411e790/width/1526/i/cd/2f/d1/58/cd2fd158-dca8-33d2-a0de-384987cf2395.jpg",
    "descript": "Базовой белой футболке добавили блеска, подчеркнув круглую горловину знаковыми шипами-пирамидами с платиновым покрытием. Для изготовления модели использовали мягкое джерси из отборного хлопка, поэтому она не вытягивается и не пилингуется, надолго сохраняя безупречный вид.",
    "info": "Бесплатная доставка по России при покупке от 20 000 ₽\r\nУсловия доставки",
    "available": true,
    "created": "2024-05-18T18:49:09.962Z",
    "uploaded": "2024-05-18T18:49:09.962Z"
  }
},
{
  "model": "members.productshorts",
  "pk": 1,
  "fields": {
    "category": 14,
    "product_type": "22155eb8-4857-4619-a",
    "name": "Хлопковые шорты черные Alexander McQueen",
    "slug": "hlopkovye-shorty-chernye-alexander-mcqueen",
    "color": "черный",
    "price": "780.00",
    "picture": "https://st-cdn.tsum.com/sig/7eb0c2a00f8784845da7a3efddd0fd62/width/1526/i/eb/fa/d1/ef/5f33ae98-2361-4445-bf7a-4ef5ded485a8.jpg",
    "picture1": "https://st-cdn.tsum.com/sig/6cbbbf4f5632a0c412080902f481cc5f/width/1526/i/eb/fa/d1/ef/85938fd4-e626-4c49-99f8-109dd621e3c1.jpg",
    "picture2": "https://st-cdn.tsum.com/sig/514f529ae272b606e93c3312b7d5c7bc/width/1526/i/eb/fa/d1/ef/13231039-168e-4ab9-a4aa-3827fe119f99.jpg",
    "picture3": "https://st1.tsum.com/sig/3a003fc124a4b38f625a1728265bea1a/width/1526/i/34/db/1d/16/34db1d16-1df4-3257-961c-ac90182d28c2.jpg",
    "descript": "Крой черных шортов позаимствовали у классических брюк: о них напоминают характерные боковые и задние карманы, а также пояс. Для пошива изделия использовали плотный хлопковый твил, который почти не мнется и при этом не нарушает циркуляцию воздуха. Лаконичный дизайн поможет модели найти общий язык с одеждой любых цветов.",
    "info": "Бесплатная доставка по России при покупке от 20 000 ₽\r\nУсловия доставки",
    "available": true,
    "created": "2024-05-18T18:53:46.663Z",
    "uploaded": "2024-05-18T18:53:46.663Z"
  }
},
{
  "model": "members.productshorts",
  "pk": 2,
  "fields": {
    "category": 14,
    "product_type": "01751147-3136-4493-b",
    "name": "Шорты черные Alexander McQueen",
    "slug": "shorty-chernye-alexander-mcqueen",
    "color": "черный",
    "price": "590.00",
    "picture": "https://st-cdn.tsum.com/sig/efcb214fcbc36626063420fa69b6a6f1/width/1526/i/9c/32/b6/3a/9c32b63a-9727-388d-a8dd-b332e0daceb2.jpg",
    "picture1": "https://st-cdn.tsum.com/sig/97719e32a324b750accaaef5d2cf7cce/width/1526/i/be/d3/85/65/bed38565-7208-3f39-aceb-931f7601cc50.jpg",
    "picture2": "https://st-cdn.tsum.com/sig/9b04b3de94fa07b23c271f972a47cccb/width/1526/i/ec/08/95/00/ec089500-536c-342b-b004-f45f9c418e17.jpg",
    "picture3": "https://st1.tsum.com/sig/3a003fc124a4b38f625a1728265bea1a/width/1526/i/34/db/1d/16/34db1d16-1df4-3257-961c-ac90182d28c2.jpg",
    "descript": "Сдержанный черный цвет, не сковывающий движения крой и приятный на ощупь материал: свободные шорты из осенне-зимней коллекции полностью соответствуют требованиям, предъявляемым к комфортной повседневной одежде. Для пошива модели с эластичным поясом, дополненным изнутри регулируемой кулиской, Сара Бертон выбрала мягкий хлопковый трикотаж. Узкие лампасы с фирменным алым кантом декорировали логотипом",
    "info": "Бесплатная доставка по России при покупке от 20 000 ₽\r\nУсловия доставки",
    "available": true,
    "created": "2024-05-18T18:55:46.150Z",
    "uploaded": "2024-05-18T18:55:46.150Z"
  }
},
{
  "model": "members.productshorts",
  "pk": 3,
  "fields": {
    "category": 15,
    "product_type": "ef7fb6ef-0d06-4702-8",
    "name": "Хлопковые шорты Bottega Veneta",
    "slug": "hlopkovye-shorty-bottega-veneta",
    "color": "бежевый",
    "price": "690.00",
    "picture": "https://st-cdn.tsum.com/sig/4f43033366976c1593d73071be2c36b6/width/1526/i/5c/65/82/25/5c658225-ac72-3f7e-bab1-329cf6a18419.jpg",
    "picture1": "https://st-cdn.tsum.com/sig/c6d9cd2392e9970d390f08810ed67d70/width/1526/i/6b/d8/a3/89/6bd8a389-42dc-3f09-800b-da9795f8189b.jpg",
    "picture2": "https://st-cdn.tsum.com/sig/c06b6612f8e50c4ac927726285497772/width/1526/i/a2/9b/ce/45/a29bce45-e406-3b9b-aba9-111505f57e89.jpg",
    "picture3": "https://st1.tsum.com/sig/f350d671a28d6fb26a1766e0739dd6d9/width/1526/i/b4/da/5c/39/b4da5c39-1137-3afb-a4aa-017adb9384c3.jpg",
    "descript": "Бежевые шорты из весенне-летней коллекции легко сочетать с одеждой и обувью любого оттенка. Например, наши стилисты подобрали ярко-желтую футболку, черную куртку и такого же цвета шлепанцы. Для пошива свободной модели с карманами, как у карго, использовали мягкий, но прочный хлопковый твил, который почти не мнется. Шлевки на поясе сзади сложили в изображение фирменного треугольника, отсылающего к",
    "info": "Бесплатная доставка по России при покупке от 20 000 ₽\r\nУсловия доставки",
    "available": true,
    "created": "2024-05-18T18:58:45.127Z",
    "uploaded": "2024-05-18T18:58:45.127Z"
  }
},
{
  "model": "members.productshorts",
  "pk": 4,
  "fields": {
    "category": 16,
    "product_type": "62cfefaf-8ae0-4dc6-b",
    "name": "Шорты Gucci",
    "slug": "shorty-gucci",
    "color": "бежевый",
    "price": "920.00",
    "picture": "https://st-cdn.tsum.com/sig/a9a5354c0b16040152386134e19c04df/width/1526/i/55/da/28/df/ef591b5b-a503-4329-b980-81b558d7fce2.jpg",
    "picture1": "https://st-cdn.tsum.com/sig/1b8e35e92d8d0c5b82477d4495f301bf/width/1526/i/55/da/28/df/22be9c12-2f72-4b98-b105-61038bb1a712.jpg",
    "picture2": "https://st-cdn.tsum.com/sig/78eba0dd2577ef77664086c007753a83/width/1526/i/55/da/28/df/3610b608-a18c-480f-8c78-d5bfd73664b0.jpg",
    "picture3": "https://st1.tsum.com/sig/3a003fc124a4b38f625a1728265bea1a/width/1526/i/34/db/1d/16/34db1d16-1df4-3257-961c-ac90182d28c2.jpg",
    "descript": "Коричневые шорты выполнили из прочного жаккарда с архивным ромбовидным узором GG Supreme поверх фактурного клетчатого мотива. Модель с узкими лампасами и широким эластичным поясом дополнили двумя боковыми и двумя задними накладными карманами с клапанами. Заданный изделием непринужденный образ наши стилисты предлагают поддержать рубашкой и кедами.",
    "info": "Бесплатная доставка по России при покупке от 20 000 ₽\r\nУсловия доставки",
    "available": true,
    "created": "2024-05-18T19:02:04.822Z",
    "uploaded": "2024-05-18T19:02:04.822Z"
  }
},
{
  "model": "members.productshorts",
  "pk": 5,
  "fields": {
    "category": 16,
    "product_type": "1a9f98ff-39df-460b-b",
    "name": "Шорты синие Gucci",
    "slug": "shorty-sinie-gucci",
    "color": "синий",
    "price": "990.00",
    "picture": "https://st-cdn.tsum.com/sig/c873e825ab1d914cc1d281029a96f047/width/1526/i/57/d2/55/9e/57d2559e-74f1-3f26-9020-4d3b07c10d16.jpg",
    "picture1": "https://st-cdn.tsum.com/sig/fd1bc366068a4893975ef3e6f2246510/width/1526/i/ac/34/5f/70/ac345f70-dc64-3d40-b201-c1579fc6392e.jpg",
    "picture2": "https://st-cdn.tsum.com/sig/1359116bd5cdee8577b0e1296ef8b7d7/width/1526/i/ff/83/0e/74/ff830e74-21fd-3b9a-b72a-9227b53451b8.jpg",
    "picture3": "https://st1.tsum.com/sig/f350d671a28d6fb26a1766e0739dd6d9/width/1526/i/b4/da/5c/39/b4da5c39-1137-3afb-a4aa-017adb9384c3.jpg",
    "descript": "Знаковый GG-мотив на синих свободных шортах выглядит особенно ярко: его подчеркнули золотистыми сверкающими нитями, которым вторит россыпь мерцающих стразов. Фоном для декора сделали мягкий плотный материал на основе дышащего хлопка и эластичного полиэстера, отвечающего за прочность.",
    "info": "Бесплатная доставка по России при покупке от 20 000 ₽\r\nУсловия доставки",
    "available": true,
    "created": "2024-05-18T19:04:05.804Z",
    "uploaded": "2024-05-18T19:04:05.804Z"
  }
},
{
  "model": "members.productshorts",
  "pk": 6,
  "fields": {
    "category": 16,
    "product_type": "5042ce90-0a42-4429-8",
    "name": "Хлопковые шорты Cucci",
    "slug": "hlopkovye-shorty-cucci",
    "color": "бежевый",
    "price": "940.00",
    "picture": "https://st-cdn.tsum.com/sig/a20d8f1c5ae530722f08bf069e847ccf/width/1526/i/8d/fd/4b/81/8dfd4b81-edcb-378f-99c6-b32bffdca527.jpg",
    "picture1": "https://st-cdn.tsum.com/sig/ec1dde526473f0f1c3f1f8f88e8744f3/width/1526/i/68/b0/60/32/68b06032-eab1-3f93-b2c7-d38849db7c34.jpg",
    "picture2": "https://st-cdn.tsum.com/sig/98aaa1cdff2cde79ce26660018d193c2/width/1526/i/c6/73/46/31/c6734631-d753-3e2b-8c85-ef3383b9b4fa.jpg",
    "picture3": "https://st2.tsum.com/sig/123e5a28333ba23e835efe6fe411e790/width/1526/i/cd/2f/d1/58/cd2fd158-dca8-33d2-a0de-384987cf2395.jpg",
    "descript": "Бежевые прямые шорты с четырьмя карманами, вдохновленные одеждой для верховой езды, сшили из немнущегося хлопкового текстиля с монограммами GG, составленными из инициалов Гуччио Гуччи. Края модели отделаны узкими кожаными ремешками с небольшими золотистыми пряжками. Советуем составить повседневный образ с курткой в тон, черной футболкой и коричневыми топсайдерами.",
    "info": "Бесплатная доставка по России при покупке от 20 000 ₽\r\nУсловия доставки",
    "available": true,
    "created": "2024-05-18T19:05:45.405Z",
    "uploaded": "2024-05-18T19:05:45.405Z"
  }
},
{
  "model": "members.productshorts",
  "pk": 7,
  "fields": {
    "category": 17,
    "product_type": "cc3e1769-1890-46b4-a",
    "name": "Хлопковые шорты белые Stone Island",
    "slug": "hlopkovye-shorty-belye-stone-island",
    "color": "белый",
    "price": "894.00",
    "picture": "https://st-cdn.tsum.com/sig/36ba28745d37bf7b418167a068e34074/width/1526/i/0f/0b/d0/8e/ddfd7bcf-6fac-4a10-b0d9-9dbf9bf21f47.jpg",
    "picture1": "https://st-cdn.tsum.com/sig/ed6c903f88ca29299eae64ee28f7ce9f/width/1526/i/0f/0b/d0/8e/e6a95352-0d9a-46cc-9fa6-e1c5beef92de.jpg",
    "picture2": "https://st-cdn.tsum.com/sig/c0e6d9b85cdd930122b532dac89561a2/width/1526/i/0f/0b/d0/8e/c8b67618-3cd6-4363-b407-af4db17db33b.jpg",
    "picture3": "https://st1.tsum.com/sig/ad0dfee7cede27368ba796a91bcd0d7f/width/1526/i/15/9b/2d/c7/159b2dc7-2257-32a9-b814-178ec21bf7a5.jpg",
    "descript": "Белые бермуды выполнили из мягкого эластичного хлопка, поддерживающего комфортный для тела микроклимат. Шорты дополнили накладным карманом, который украсили съемной брендированной нашивкой. Наши стилисты предлагают поэкспериментировать и сочетать модель с легким свитером и сабо.",
    "info": "Бесплатная доставка по России при покупке от 20 000 ₽\r\nУсловия доставки",
    "available": true,
    "created": "2024-05-18T19:08:42.657Z",
    "uploaded": "2024-05-18T19:08:42.657Z"
  }
},
{
  "model": "members.productshorts",
  "pk": 8,
  "fields": {
    "category": 17,
    "product_type": "2829c8a9-1d39-4dce-8",
    "name": "Хлопковые шорты хаки Stone Island",
    "slug": "hlopkovye-shorty-haki-stone-island",
    "color": "хаки",
    "price": "900.00",
    "picture": "https://st-cdn.tsum.com/sig/d9de3795939fc8e34c9525a0bc6ca5f1/width/1526/i/0a/59/c7/4a/b2e269da-496b-4a0a-9a61-2c3127b6324a.jpg",
    "picture1": "https://st-cdn.tsum.com/sig/7037a1660623083302c47a85447a9776/width/1526/i/0a/59/c7/4a/26804f94-776b-4458-817a-5b8e30a2d399.jpg",
    "picture2": "https://st-cdn.tsum.com/sig/51ab7470aa74ac85f68d038b857c05cf/width/1526/i/0a/59/c7/4a/62f066cb-a4d7-4be2-99f3-3ddf3d915e19.jpg",
    "picture3": "https://st2.tsum.com/sig/123e5a28333ba23e835efe6fe411e790/width/1526/i/cd/2f/d1/58/cd2fd158-dca8-33d2-a0de-384987cf2395.jpg",
    "descript": "Шорты оттенка хаки гармонично дополнят непринужденные летние образы. В изделии из мягкого хлопкового трикотажа будет комфортно в течение всего дня. Посадку на талии позволяет отрегулировать широкий пояс-кулиска. За практичность также отвечают карманы: парные боковые, задний на кнопке и на левой брючине, декорированный фирменным съемным патчем.",
    "info": "Бесплатная доставка по России при покупке от 20 000 ₽\r\nУсловия доставки",
    "available": true,
    "created": "2024-05-18T19:11:29.947Z",
    "uploaded": "2024-05-18T19:11:29.947Z"
  }
},
{
  "model": "members.productshorts",
  "pk": 9,
  "fields": {
    "category": 17,
    "product_type": "2332c296-b84b-4f5f-a",
    "name": "Хлопковые шорты синие Stone Island",
    "slug": "hlopkovye-shorty-sinie-stone-island",
    "color": "темно-синий",
    "price": "850.00",
    "picture": "https://st-cdn.tsum.com/sig/37b9702d0136b70232bef470b0dc1ac4/width/1526/i/61/57/d1/7f/5d312e48-cdbc-4b4c-a140-747459418b61.jpg",
    "picture1": "https://st-cdn.tsum.com/sig/b060ef64ea5191583ca2e5a4caaffe9b/width/1526/i/61/57/d1/7f/c29f256f-8baf-4dae-8188-76ee5da86845.jpg",
    "picture2": "https://st-cdn.tsum.com/sig/36e1b2cc83926556af4a4adf48b4d60f/width/1526/i/61/57/d1/7f/a3d6d52b-a29f-4c20-94d4-febb953cba62.jpg",
    "picture3": "https://st1.tsum.com/sig/3a003fc124a4b38f625a1728265bea1a/width/1526/i/34/db/1d/16/34db1d16-1df4-3257-961c-ac90182d28c2.jpg",
    "descript": "Для пошива темно-синих шортов с широким эластичным поясом-кулиской использовали мягкий плотный хлопковый трикотаж. Модель с объемным карманом карго, украшенным фирменным съемным патчем, окрасили в готовом виде, создав уникальный оттенок. У изделия есть еще три кармана — два по бокам открытых и один сзади на потайной молнии.",
    "info": "Бесплатная доставка по России при покупке от 20 000 ₽\r\nУсловия доставки",
    "available": true,
    "created": "2024-05-18T19:13:21.065Z",
    "uploaded": "2024-05-18T19:13:21.065Z"
  }
},
{
  "model": "members.productshorts",
  "pk": 10,
  "fields": {
    "category": 17,
    "product_type": "5212a625-967b-4695-8",
    "name": "Хлопковые шорты черные Stone Island",
    "slug": "hlopkovye-shorty-chernye-stone-island",
    "color": "черный",
    "price": "520.00",
    "picture": "https://st-cdn.tsum.com/sig/e807cc2dd3ad03ff79c887e00c839c15/width/1526/i/b7/03/b0/27/5f0b8976-d2fc-4821-bee6-b2c6f17a9d7a.jpg",
    "picture1": "https://st-cdn.tsum.com/sig/8e47dbe5a054273e08e35de47e3c9855/width/1526/i/b7/03/b0/27/bca97c35-1758-45e0-83c6-627937f60c05.jpg",
    "picture2": "https://st-cdn.tsum.com/sig/5bcf49c572826266858929f3acc2d908/width/1526/i/b7/03/b0/27/716b336c-24d2-4519-9b3d-dc634bcc93b7.jpg",
    "picture3": "https://st1.tsum.com/sig/3a003fc124a4b38f625a1728265bea1a/width/1526/i/34/db/1d/16/34db1d16-1df4-3257-961c-ac90182d28c2.jpg",
    "descript": "Для пошива черных шортов использовали плотный и при этом мягкий трикотаж из отборных хлопковых волокон. Модель окрасили в готовом виде, создав деликатные градиентные переходы. Левую брючину дополнили накладным карманом карго, который дополнили фирменным съемным патчем.",
    "info": "Бесплатная доставка по России при покупке от 20 000 ₽\r\nУсловия доставки",
    "available": true,
    "created": "2024-05-18T19:15:08.445Z",
    "uploaded": "2024-05-18T19:15:08.445Z"
  }
},
{
  "model": "members.productsneakers",
  "pk": 1,
  "fields": {
    "category": 6,
    "product_type": "98e6304e-d9ed-4f",
    "name": "Комбинированные кроссовки Faster",
    "slug": "kombinirovannye-krossovki-faster",
    "color": "зеленый",
    "price": "980.00",
    "picture": "https://st-cdn.tsum.com/sig/ce11d0c34e450a6744d6b1ac7ba4bbf7/width/1526/i/f3/71/7d/d7/f40e68dd-0cd5-45aa-8ed1-f2d4484745b0.jpg",
    "picture1": "https://st-cdn.tsum.com/sig/81073777b8875542d945980a0dc464ed/width/1526/i/f3/71/7d/d7/cee01564-0132-45ec-a374-c4c28ca2eb2d.jpg",
    "picture2": "https://st-cdn.tsum.com/sig/4d4d2f9ea92e03d1605738b40e224dd3/width/1526/i/f3/71/7d/d7/b7e5fb46-8a65-4b2f-9203-da4c43c22a04.jpg",
    "picture3": "https://st2.tsum.com/sig/123e5a28333ba23e835efe6fe411e790/width/1526/i/cd/2f/d1/58/cd2fd158-dca8-33d2-a0de-384987cf2395.jpg",
    "descript": "Бренд: Fendi\r\nСостав: Кожа: 100%; Подошва-резина: 100%; Подкладка-кожа: 100%; Отделка-текстиль: 100%;\r\nСтрана производства: Италия\r\nСтрана дизайна: Италия\r\nАртикул: 6855822\r\nАртикул производителя: 7E1555/AKX6\r\nПараметры изделия для размера 6: Толщина подошвы 4,2 см, ширина носка стельки 8,6 см, длина стельки 26,7 см. В комплект входит: пыльник.",
    "info": "Бесплатная доставка по России при покупке от 20 000 ₽\r\nУсловия доставки",
    "available": true,
    "created": "2024-05-18T15:13:34.693Z",
    "uploaded": "2024-05-18T16:43:40.976Z"
  }
},
{
  "model": "members.productsneakers",
  "pk": 2,
  "fields": {
    "category": 6,
    "product_type": "aa2ab7c8-8cfd-430",
    "name": "Кроссовки Flow",
    "slug": "krossovki-flow",
    "color": "бежевый",
    "price": "890.00",
    "picture": "https://st-cdn.tsum.com/sig/d847450713e68241767e2c7479f9edb1/width/1526/i/17/41/ef/4d/807e8fce-3843-48b6-b30e-272e60946d24.jpg",
    "picture1": "https://st-cdn.tsum.com/sig/44cc5329af8f2735ef47c36abd5e156a/width/1526/i/17/41/ef/4d/5fbc8054-18e0-4834-8945-c0d9ee7b2851.jpg",
    "picture2": "https://st-cdn.tsum.com/sig/0914df6d03c4fe4b4254d19a65ce008b/width/1526/i/17/41/ef/4d/d4bc7966-d04f-41cb-bce7-81d3985efa30.jpg",
    "picture3": "https://st1.tsum.com/sig/ad0dfee7cede27368ba796a91bcd0d7f/width/1526/i/15/9b/2d/c7/159b2dc7-2257-32a9-b814-178ec21bf7a5.jpg",
    "descript": "При создании белых кроссовок Flow позаимствовали конструкцию без шнуровки у слипонов. Для изготовления пары мастера марки, основанной супругами Фенди, использовали прочный эластичный текстиль с жаккардовым мотивом в виде монограммы FF. Пару дополнили фигурными накладками из легкой резины, которые перекликаются со скульптурной подошвой.",
    "info": "Бесплатная доставка по России при покупке от 20 000 ₽\r\nУсловия доставки",
    "available": true,
    "created": "2024-05-18T15:16:15.870Z",
    "uploaded": "2024-05-18T15:16:15.870Z"
  }
},
{
  "model": "members.productsneakers",
  "pk": 3,
  "fields": {
    "category": 6,
    "product_type": "93351bcf-3ac0-40",
    "name": "Кожаные кеды Step",
    "slug": "kozhanye-kedy-step",
    "color": "белый",
    "price": "890.00",
    "picture": "https://st-cdn.tsum.com/sig/ae76e00bd2868d8a16f7bc70552f5136/width/1526/i/00/2b/f9/d3/46ed045c-7bad-488b-9f87-e5d09a6de902.jpg",
    "picture1": "https://st-cdn.tsum.com/sig/305bf4b5d8ab44d279016369582071ab/width/1526/i/00/2b/f9/d3/4a14e6d5-99f8-4e14-ad7d-903447512b7d.jpg",
    "picture2": "https://st-cdn.tsum.com/sig/c8d0876b6db8ad9b684c648459f82272/width/1526/i/00/2b/f9/d3/b17963f6-2693-444a-9b02-1ae73f4f5bcb.jpg",
    "picture3": "https://st1.tsum.com/sig/f350d671a28d6fb26a1766e0739dd6d9/width/1526/i/b4/da/5c/39/b4da5c39-1137-3afb-a4aa-017adb9384c3.jpg",
    "descript": "Белые кеды Step на широкой подошве из каучука — идеальный пример повседневной обуви, которая подружится с самой разной одеждой. Многослойный верх сшили из мягкой телячьей кожи, моментально подстраивающейся под силуэт стопы. Для отделки выбрали фактурную замшу, а боковую панель украсили текстильной лентой с вышивкой FF.",
    "info": "Бесплатная доставка по России при покупке от 20 000 ₽\r\nУсловия доставки",
    "available": true,
    "created": "2024-05-18T15:18:59.203Z",
    "uploaded": "2024-05-18T15:18:59.203Z"
  }
},
{
  "model": "members.productsneakers",
  "pk": 4,
  "fields": {
    "category": 7,
    "product_type": "3fab0bc3-2b33-4cd",
    "name": "Комбинированные кроссовки Runner",
    "slug": "kombinirovannye-krossovki-runner",
    "color": "серый",
    "price": "980.00",
    "picture": "https://st-cdn.tsum.com/sig/5a78869a294d1cb91c373ac2380e6166/width/1526/i/34/49/d4/82/3449d482-f25b-3ce1-8871-6ee3a5432b08.jpg",
    "picture1": "https://st-cdn.tsum.com/sig/2faac6152ce31385b702ae1cb9a684f0/width/1526/i/c4/b3/dd/9c/c4b3dd9c-3bb1-38db-b53b-c381145746e0.jpg",
    "picture2": "https://st-cdn.tsum.com/sig/ddbf0f14a47ab91b2b9e413a7791018a/width/1526/i/60/b8/c4/05/60b8c405-f363-3e2f-b725-d0c8d77141df.jpg",
    "picture3": "https://st2.tsum.com/sig/123e5a28333ba23e835efe6fe411e790/width/1526/i/cd/2f/d1/58/cd2fd158-dca8-33d2-a0de-384987cf2395.jpg",
    "descript": "В сезоне весна-лето Демна Гвасалия обратился к эстетике 1990-х. Это читается в многослойной подошве и силуэте кроссовок Runner, вдохновленных беговой обувью. Для изготовления модели с декоративными потертостями мастера марки, основанной Кристобалем Баленсиагой, использовали мягкий сетчатый текстиль и гибкий металлизированный полимер. Яркие акценты расставили с помощью контрастных разноцветных вста",
    "info": "Бесплатная доставка по России при покупке от 20 000 ₽\r\nУсловия доставки",
    "available": true,
    "created": "2024-05-18T15:21:57.572Z",
    "uploaded": "2024-05-18T16:43:40.981Z"
  }
},
{
  "model": "members.productsneakers",
  "pk": 5,
  "fields": {
    "category": 7,
    "product_type": "0e544488-d32d-4fb",
    "name": "Текстильные кроссовки Track",
    "slug": "tekstilnye-krossovki-track",
    "color": "белый",
    "price": "980.00",
    "picture": "https://st-cdn.tsum.com/sig/8a39b59305f9b1b2e959131e341a7aef/width/1526/i/75/b2/11/44/2d4d5e8c-063e-4230-8e3d-0f622c3ba774.jpg",
    "picture1": "https://st-cdn.tsum.com/sig/67bf5b65de1cedcd337bb2274813ad74/width/1526/i/75/b2/11/44/6ef25733-b02b-4853-8237-9abf63542d57.jpg",
    "picture2": "https://st-cdn.tsum.com/sig/245136f941c00367d14d5eb97c66a8a1/width/1526/i/75/b2/11/44/ca58548d-6da1-4705-b211-e5823e4d7976.jpg",
    "picture3": "https://st1.tsum.com/sig/f350d671a28d6fb26a1766e0739dd6d9/width/1526/i/b4/da/5c/39/b4da5c39-1137-3afb-a4aa-017adb9384c3.jpg",
    "descript": "Несмотря на молочный оттенок кроссовки Track из дышащей сетки не выглядят просто за счет фигурных накладок с разной фактурой и массивной резиновой подошвы, собранной из девяти частей. Нарочитые подтеки клея придают обуви слегка небрежный вид, а светоотражающие вставки делают ее заметной в темноте.",
    "info": "Бесплатная доставка по России при покупке от 20 000 ₽\r\nУсловия доставки",
    "available": true,
    "created": "2024-05-18T15:23:32.481Z",
    "uploaded": "2024-05-18T16:43:40.984Z"
  }
},
{
  "model": "members.productsneakers",
  "pk": 6,
  "fields": {
    "category": 8,
    "product_type": "89009d0f-79f4-40",
    "name": "Bottega Veneta",
    "slug": "bottega-veneta",
    "color": "черный",
    "price": "908.00",
    "picture": "https://st-cdn.tsum.com/sig/24b4de58b5d374d58eb1e2e53205f893/width/1526/i/ef/e6/26/32/be4b3dac-ceb7-4aad-9951-87e02b95a51e.jpg",
    "picture1": "https://st-cdn.tsum.com/sig/6240d95e2058ddd82fe67de2d0b7979d/width/1526/i/ef/e6/26/32/40cd3b95-067a-4d78-995b-fa4e02c45dca.jpg",
    "picture2": "https://st-cdn.tsum.com/sig/ae3c7b84dd31f465b93d0e9e34c8ba5e/width/1526/i/ef/e6/26/32/5ae24512-ae66-4ba6-9ff3-6e0e12f26c01.jpg",
    "picture3": "https://st1.tsum.com/sig/f350d671a28d6fb26a1766e0739dd6d9/width/1526/i/b4/da/5c/39/b4da5c39-1137-3afb-a4aa-017adb9384c3.jpg",
    "descript": "Увеличенная подошва черных кедов Vulcan, частично закрывающая плотный хлопок, не только играет роль акцента, но и не дает промокнуть в непогоду. Похожий на галоши низ из гладкой резины становится рельефным на мысе, будто его дополнили накладкой, а рисунок на небольшом бежевом протекторе мимикрирует под плетение intrecciato. На заднике – текстильная петля с зеленой изнанкой.",
    "info": "Бесплатная доставка по России при покупке от 20 000 ₽\r\nУсловия доставки",
    "available": true,
    "created": "2024-05-18T15:27:05.569Z",
    "uploaded": "2024-05-18T15:27:05.569Z"
  }
},
{
  "model": "members.productsneakers",
  "pk": 7,
  "fields": {
    "category": 8,
    "product_type": "350cfa1e-f35d-459",
    "name": "Кожаные кроссовки Bottega Veneta",
    "slug": "kozhanye-krossovki-bottega-veneta",
    "color": "черный",
    "price": "800.00",
    "picture": "https://st-cdn.tsum.com/sig/86b5b561222c3bd069fcbdff43c426ab/width/1526/i/a3/f0/74/c9/a3f074c9-a44c-3b78-aacf-5f18f8c38404.jpg",
    "picture1": "https://st-cdn.tsum.com/sig/5f2817d09437b81d49b1221000f20e21/width/1526/i/ba/23/79/e5/ba2379e5-14da-372e-9697-9e5ba814c0c1.jpg",
    "picture2": "https://st-cdn.tsum.com/sig/44a3adc891f28e01e81c534eedd81792/width/1526/i/8a/61/eb/ec/8a61ebec-380d-3759-bedc-822af84ff4c3.jpg",
    "picture3": "https://st1.tsum.com/sig/3a003fc124a4b38f625a1728265bea1a/width/1526/i/34/db/1d/16/34db1d16-1df4-3257-961c-ac90182d28c2.jpg",
    "descript": "В коллекцию сезона весна-лето вошли черные кроссовки Speedster. При создании пары Дэниел Ли сделал ставку на контраст фактур: изделие сшили из прочного сетчатого текстиля и мягкой мелкозернистой кожи с легким блеском. Более графичной модель делают крупные нашивки белого цвета. Подошва с протектором немного заходит на мыс и задник, защищая их от повреждений.",
    "info": "Бесплатная доставка по России при покупке от 20 000 ₽\r\nУсловия доставки",
    "available": true,
    "created": "2024-05-18T15:29:04.662Z",
    "uploaded": "2024-05-18T15:29:04.662Z"
  }
},
{
  "model": "members.productsneakers",
  "pk": 8,
  "fields": {
    "category": 8,
    "product_type": "6f31ae05-5634-4975",
    "name": "Кожаные кеды Pillow",
    "slug": "kozhanye-kedy-pillow",
    "color": "белый",
    "price": "910.00",
    "picture": "https://st-cdn.tsum.com/sig/a8a576854d989421a898d62d35b46c5b/width/1526/i/70/fb/46/c9/e99fea9d-0b06-4ca7-95bd-5e8cf144c7ba.jpg",
    "picture1": "https://st-cdn.tsum.com/sig/42f57fd0ab671ed8c99c09f5f65ed333/width/1526/i/70/fb/46/c9/260e54dc-c163-4013-913a-b71b66de9155.jpg",
    "picture2": "https://st-cdn.tsum.com/sig/d5a378c9eb37a77d53e52d847649903a/width/1526/i/70/fb/46/c9/39a71352-a5c0-456e-8be0-6ec9ba87228f.jpg",
    "picture3": "https://st2.tsum.com/sig/123e5a28333ba23e835efe6fe411e790/width/1526/i/cd/2f/d1/58/cd2fd158-dca8-33d2-a0de-384987cf2395.jpg",
    "descript": "Белые высокие кеды Pillow, впервые представленные в зимней коллекции 2022 года, обязаны своим названием плавным линиям подушки, делающим модель визуально более объемной и мягкой. Модель, вдохновленную обувью для скейтбординга из 1990-х, сшили из нежной матовой кожи. Пару установили на ультралегкую широкую подошву с протектором фирменного зеленого оттенка Parakeet.",
    "info": "Бесплатная доставка по России при покупке от 20 000 ₽\r\nУсловия доставки",
    "available": true,
    "created": "2024-05-18T15:31:39.969Z",
    "uploaded": "2024-05-18T15:31:39.969Z"
  }
},
{
  "model": "members.productsneakers",
  "pk": 9,
  "fields": {
    "category": 9,
    "product_type": "802c3741-c7de-4c01",
    "name": "Комбинированные кроссовки Tom Ford",
    "slug": "kombinirovannye-krossovki-tom-ford",
    "color": "хаки",
    "price": "900.00",
    "picture": "https://st-cdn.tsum.com/sig/ebad9c5398525461ea6fd34c39794010/width/1526/i/13/3d/b1/0e/133db10e-335a-3d15-8a22-8ee70dd07b58.jpg",
    "picture1": "https://st-cdn.tsum.com/sig/3cb335066db3a2de2935c7167de82ab9/width/1526/i/4d/8a/22/c8/4d8a22c8-ee51-3142-ac6f-a164e45085a0.jpg",
    "picture2": "https://st-cdn.tsum.com/sig/e7b1f24b59303b1799938f9a3b10e75e/width/1526/i/5a/e9/3f/a0/5ae93fa0-5b1f-3ba1-9880-27afef61440c.jpg",
    "picture3": "https://st2.tsum.com/sig/123e5a28333ba23e835efe6fe411e790/width/1526/i/cd/2f/d1/58/cd2fd158-dca8-33d2-a0de-384987cf2395.jpg",
    "descript": "Том Форд сделал кроссовки James из весенне-летней коллекции футуристичными. Главную роль дизайнер отдал рельефной полосатой подошве, которая частично закрывает верх и выступает под задником. Многослойная конструкция пары получилась выразительной благодаря комбинации гладкого текстиля, кожи, бархатистой замши разных оттенков серого цвета и черной прорезиненной детали.",
    "info": "Бесплатная доставка по России при покупке от 20 000 ₽\r\nУсловия доставки",
    "available": true,
    "created": "2024-05-18T15:34:48.427Z",
    "uploaded": "2024-05-18T15:34:48.427Z"
  }
},
{
  "model": "members.productsneakers",
  "pk": 10,
  "fields": {
    "category": 9,
    "product_type": "777033db-3faf-4cd4",
    "name": "Замшевые кеды Cambridge",
    "slug": "zamshevye-kedy-cambridge",
    "color": "светло-коричневый",
    "price": "289.99",
    "picture": "https://st-cdn.tsum.com/sig/0fd5c31834d83d95768fe11e625755e4/width/1526/i/38/77/33/3f/db51aa38-c2b7-46c6-9402-2d5e2edf7aed.jpg",
    "picture1": "https://st-cdn.tsum.com/sig/9b03cdf4b1522d09b962b035197f1f0c/width/1526/i/38/77/33/3f/6d7ee02f-e44c-481c-8563-6cde09bf34ea.jpg",
    "picture2": "https://st-cdn.tsum.com/sig/18ee60a352fce23f2da6614c1185d756/width/1526/i/38/77/33/3f/3fc18efb-e324-4ce0-8c9a-044fedefa4e6.jpg",
    "picture3": "https://st1.tsum.com/sig/f350d671a28d6fb26a1766e0739dd6d9/width/1526/i/b4/da/5c/39/b4da5c39-1137-3afb-a4aa-017adb9384c3.jpg",
    "descript": "Для пошива светло-коричневых кедов выбрали пластичную замшу из дышащей телячьей кожи. Модель дополнили люверсами на боковой панели для лучшей вентиляции, а резиновую подошву – протектором, рисунок которого повторяет монограмму TF. Сзади пару декорировали крупным брендированным патчем.",
    "info": "Бесплатная доставка по России при покупке от 20 000 ₽\r\nУсловия доставки",
    "available": true,
    "created": "2024-05-18T15:40:23.702Z",
    "uploaded": "2024-05-18T16:47:49.896Z"
  }
}
]
